d,"Y_1,d","Y_2,d","Y_3,d","Y_4,d","Y_5,d","Y_6,d","Y_7,d","Y_8,d",9,10,11,12,13,14,15,16,17,18,19,20,21,22,23,24,25,26,27,28,29,30,,
1,1957623565,1957623565,1957623565,1957623565,1957623565,1957623565,1957623565,1957623565,1957623565,1957623565,1957623565,1957623565,1957623565,1957623565,1957623565,1957623565,1957623565,1957623565,1957623565,1957623565,1957623565,1957623565,1957623565,1957623565,1957623565,1957623565,1957623565,1957623565,1957623565,1957623565,,489.8933309
2,1915756875,1931447799,1926009083,1915756875,1944210286,1915756875,1926009083,1926009083,1926009083,1926009083,1915756875,1931447799,1944210286,1931447799,1931447799,1926009083,1915756875,1926009083,1915756875,1915756875,1926009083,1915756875,1944210286,1931447799,1926009083,1926009083,1915756875,1915756875,1926009083,1926009083,,481.896981
3,1782764840,1835848270,1808134091,1775422271,1821944344,1782764840,1808379027,1808379027,1873608539,1808379027,1782764840,1793536052,1827425703,1793536052,1793536052,1808379027,1782764840,1808379027,1775422271,1775422271,1808134091,1782764840,1821944344,1835848270,1808134091,1808379027,1782764840,1775422271,1808379027,1850617153,,451.6907519
4,1649509993,1676050848,1644691803,1630770536,1623748274,1649743938,1695693569,1655272480,1758997152,1655038142,1649743938,1653463304,1660758106,1675199413,1630770536,1695693569,1649509993,1655272480,1623748274,1630770536,1637639599,1649743938,1653463304,1676050848,1644691803,1655272480,1649509993,1623748274,1655272480,1744131464,,415.256904
5,1486855091,1479830108,1517027717,1503435484,1478845477,1503435484,1549241088,1508937133,1595555091,1520594427,1503435484,1573962798,1502194967,1611765550,1542195733,1615171797,1493575150,1547541185,1485547432,1503658831,1492103843,1503435484,1552895886,1509695483,1555734472,1508937133,1486855091,1485547432,1547541185,1595555091,,382.0014323
6,1354740526,1340713880,1377080850,1354740526,1367727496,1354740526,1396098387,1406160001,1440081063,1382084717,1348340774,1469066247,1356460686,1469066247,1402682266,1508887411,1371825296,1470661141,1364132175,1364132175,1380479163,1348340774,1406220000,1370924676,1415595475,1369372985,1348340774,1364344924,1407780416,1483081717,,348.9480412
7,1239113217,1209353484,1243702041,1274118747,1236433756,1293207905,1250188164,1266761991,1292575066,1239890578,1216597658,1313598541,1215414824,1361226267,1253324261,1357804583,1249679061,1369325619,1216597658,1222677102,1248559398,1222677102,1221692635,1253811445,1269382887,1236580038,1242336910,1231802217,1302257134,1407840449,,316.9834555
8,1112958990,1090505320,1108810081,1147610477,1109076488,1192155162,1120562235,1101809770,1191547553,1110558291,1091625741,1128718093,1106030710,1230353837,1091625741,1254208059,1124325279,1265281813,1097384878,1112958990,1101894747,1112958990,1099124061,1160383347,1187574305,1110366347,1117457927,1105839157,1174323239,1308731917,,286.2065981
9,993575962.7,987030402.4,1004448784,1016359904,991267443.4,1016359904,1038051073,1027253781,1069316160,991307743.8,996462862.2,996442659.6,986849448.5,1094312864,996462862.2,1122759258,985382324.6,1133237965,993394409.8,993575962.7,1046470741,993575962.7,980506474,1022694816,1152276603,977672815.4,989988330.2,973425024.1,1035784109,1162237191,,257.0348791
10,926666657.4,874630939.7,891032052,927007630.2,903050580.6,927007630.2,918793094.6,908636621,994342702.2,878657649.5,918744596.6,860999911.8,867114030.2,966239923.4,884881629.2,987392359.8,886977054.3,997220609.4,868113153.3,910518555,961272819.4,926666657.4,868660086.8,866285006.6,1057004135,871123419,874801295.2,867114030.2,876951090.5,988750291.4,,229.410347
11,846600493,777673614.2,793143303.8,819585286.6,792062221,852102804.6,796752238.2,787296257.4,945611700.6,761084501.8,806764493,769343388,775123508.3,846135014.6,777673614.2,910035822.2,773663099,880403846.6,767888436.6,799057209.8,874432212.6,841440857.8,791116878.2,763425741.6,925790158.2,806719047.8,769343388,775123508.3,796436129.4,900648116.6,,204.9316748
12,729626534.6,723459367.8,738382798.2,754117505.4,658710703.9,749248281.8,693311028.6,688558592.2,837083769.8,667436891,692679233.4,670656680.8,676054081.1,764787963,679561478.6,803631782.6,686913777.7,730318195.4,681473113.4,685539015.8,770195705.8,694870688.2,687467424.2,654119499.6,818440550.6,706730323.4,670507522.1,676054081.1,752887745.4,789812333,,179.9788093
13,593623987.4,681982779,662527008.2,682066349,573748125.2,639462713.8,602270497.4,588644644,720793625.8,587046379.3,600269600.2,578741173.6,583616694.6,662938905.8,581006672.6,694448985.8,593850110.5,626420806.6,588652407.9,593623987.4,692679233.4,593623987.4,567464815.1,567525799.8,703501357,601932857.9,572491758.2,583616694.6,656404896.2,643515129.8,,155.6496247
14,525821588.6,617959937.4,533258937.8,577517798.6,488986538,510647910.2,538072973,499708469.3,581369254.6,535885460.6,506448019.4,493596866.4,488576206.1,533628480.2,493468904.5,620946593.4,507427884.3,530491449.8,509621595,525821588.6,600269600.2,501835266.8,514327969.4,515780436.6,597254945.4,491586941.5,498228826.7,492431604.6,558112275.4,512797836.6,,132.9632211
15,481416257.4,530860032.2,441789953.4,457292563.4,410879386.4,410619969.3,449456960.2,427116622.2,485179918.2,471567283.4,420594470.6,415223759.2,414155060.6,445395699.4,409932910.2,529533734.6,434255585.4,442530125,430768364.6,445733433.8,502459123.4,436692967.8,458936359.8,432789773,511682496.2,416927393.4,439942235,423625310.3,467787686.6,412691099,,112.5479721
16,424211693,466853806.2,345802290,398034420.6,345320455.8,339434932.5,365406163.4,355207901.2,431426132.6,363603878.6,344690414.9,343621852,351268561.5,361745184.2,376406561.4,449151726.2,361775616.2,362536832.2,343277890.6,362134810.4,390789638.6,378831725,384332499.4,350393473.4,421710867.4,353822119.2,366967661,343277890.6,385431129.8,368747527.8,,93.9857317
17,342679334.6,391580774.6,302384276.6,325571501,281045107.4,287329620.6,275493604,279117166.2,355835405,291466841.8,283814670.2,304753831.8,281393915,271614131.7,322834649.8,416600756.6,290909865,289432641.8,278481333.8,287329620.6,312709709,284213742.6,330177972.6,304949383.8,350333575.8,283679911.8,292626183.9,278481333.8,340963611,299137779.4,,77.27687161
18,251679187.4,316569497.8,284704878.2,234734266.7,219042368,228945950.5,216318204.2,227954435.4,262971629,227828836,225852806.6,278048955,230012409.1,213826279.8,252263335.8,342383213,230099774.5,218886107,223048251,246326747,227432941.6,219952628.6,286110459,241976691.4,298722829,247458068.6,236458279.8,220455977,290075398.6,219767579.2,,62.08679957
19,216007687.8,267610337.4,258913844.6,166507022.1,166746602,166507022.1,167826843,187065799.8,202219776.2,187219015.8,170670186.2,218082009.8,171918250.3,169368360.5,197807347.4,278395899,177586540.3,173950776.1,177663307.3,190097913.8,170532257.4,188205473.4,227901293,168619574.3,214224205,191091917,213008187,169201820.2,204364179.4,170532257.4,,48.79072507
20,178286585.8,211423232.2,201174509,124340340.6,133790862.2,130663188.6,140251911.8,149905741,149435955.4,154425358.2,124926223.2,146904096.2,127052573.5,122031790.2,143510816.2,252899047.8,129022337.4,128800708.9,131998040.1,126030260.7,131106164,139513894.6,171620480.2,128296398.2,159779712.2,128880618.6,177923585.4,126670523,135685222.6,131106164,,37.14443608
21,128967821,155141971.4,131047545.8,91052817.47,95031302.56,92370552.12,100488595.4,92903381.05,104620166.6,110661984.2,87126542.91,100713267.4,90607553.44,104064481.4,88710779.45,214528750.2,95121789.24,90421841.72,93048402.75,91983444.64,89923495.84,88614358.79,123307699.4,90409670.56,125592366.2,102681742.2,132719616.2,93103972.92,104342139,89923495.84,,26.78457883
22,98461959.84,94470624.16,77447040.16,56066549.82,60099705.76,54519911.74,64455206.56,57924276.64,67772409.76,61974681.76,54269742.24,55731599.93,70674286.24,76870809.76,65525787.04,164567846.6,62616202.04,58814174.52,63342497.44,73980641.44,62047759.16,60437563.71,81353184.16,56913143.05,88142054.56,92490535.84,89030547.36,73431188.64,85104315.04,62047759.16,,18.34334521
23,65681299.36,50018841.76,46299859.36,31897193.02,33136140.96,34937556.64,43491387.04,36060505.4,38892684.96,41458145.44,33156406.59,29590988.86,43407014.56,36800238.34,46769185.44,135983585.4,36881814.84,33944140.35,44927527.84,51374489.76,36445851.96,40363150.24,40607481.76,32002101.56,54647577.76,66971308.96,46082374.56,52191955.36,62100704.16,36445851.96,,11.57935623
24,37312550.56,31796065.44,23120710.56,17428955.04,14273284,24218209.44,28502785.44,17323575.87,17980992.16,21348096.16,16571412.64,13592494.24,21090137.76,13717838.14,25204416.16,106428109,17894253.63,14226173.5,22997779.36,25834855.84,17615144.76,34072903.84,19152876.96,14569794.36,29121132.96,30651724.96,28673883.04,33533364.64,34626163.36,17615144.76,,6.45427307
25,16189356.96,13924838.56,7909593.76,5552620.96,3497498.426,19405787.04,12393216.16,4442652.218,4995761.414,10155694.24,5066820.922,8072417.44,9978017.44,3805620.64,12865134.24,78904135.84,4733931.578,4075553.44,4992185.862,10656307.36,5542069.306,20181657.76,5313209.402,3897307.706,17886132.64,16832967.84,12506124.96,15779961.76,15119654.56,5555637.562,,3.018139011
26,1657913.76,2711950.24,666508.96,153726.7264,33944.3776,13124679.84,2060947.36,71695.4176,5595.04,1872518.56,12276.64,2239212.96,1796672.16,119052.6016,3127238.56,48658995.36,178759.84,170602.0416,358561.44,1391456.16,444622.24,5796537.76,12597.8176,46.24,7815379.36,5218483.36,2372832.16,3906156.96,3581177.76,267330.3616,,0.920338531
27,1848512.16,29446.56,1391456.16,2234905.402,1934324.64,2943283.36,1467974.56,2205819.04,2343838.522,40481.44,2243524.666,346214.56,429811.36,2234905.402,51801.76,18735046.56,1399394.362,2036214.842,1487424.16,2125297.466,347156.64,57408.16,3478971.04,2556673.082,22022.56,83174.56,207571.36,384.16,37017.76,1750223.162,,0.46994697
28,11248242.75,2576667.04,10084435.36,11121958.2,7483507.36,867878.56,6997083.04,6745447.84,11363371.32,1518809.76,12007611.04,10469107.36,3322599.84,11121958.2,4944396.96,8379867.04,9138287.162,10673027.64,10137346.57,10818836.64,3404763.04,4997907.36,12067564.35,8674203.04,3413625.76,2915897.76,6010342.56,4062643.36,8063328.16,10022542.91,,1.883251738
29,22898139.04,8186465.44,26081040.44,26780211,22388038.56,8570841.76,15219361.44,19497523.36,27184127.55,15748198.56,25714635.32,19384647.84,10033689.76,26780211,13375111.84,1158636.96,23676398.91,26081040.44,25743852.35,26087577.76,14080505.76,18665856.16,30561437.5,17650081.44,15463769.76,13716652.96,19781145.76,16092934.56,23383027.36,23553550.24,,4.892657978
30,44788217.76,22737638.56,51326334.78,39122523.04,45260601.76,19020065.44,32713824.16,41108614.56,51569633.44,44768945.72,47761368.12,34063564.96,26662764.96,39122523.04,21592750.24,845664.16,42944430.24,48260253.24,49578497.44,50012052.49,41954119.84,41026587.04,53015873.44,29781031.84,44422758.2,33505574.56,41519980.96,36091257.76,36033607.84,37322324.64,,9.626566372
31,82636826.63,46966350.24,74601223.84,45843732.64,76101196.96,31552935.84,59530483.36,70862724,77210666.04,82960035.9,76579300.92,73447642.43,52539302.56,57753920.16,36971264.16,5537550.24,70107798.84,64429518.24,74769917.24,80314576.19,77672494.24,69095993.76,79029255.23,45067054.24,81382049.44,71159347.36,72733606.56,64057612.96,46038939.04,64262668.96,,16.03038814
32,115067670.8,19973748.64,109319571.4,65862963.36,114909824.2,56616595.36,83707860.64,113811344.7,102681742.2,117965665.4,22220287.55,121357543.7,82003891.36,81598702.24,77728908.96,17402246.56,104718382.2,23904276.64,109976330,66083892.64,108614749,115696698.9,30660583.84,63508148.64,112932278.8,97401108.64,121040483.4,99992000.16,25526745.76,111887314.2,,20.9237799
33,158000877.6,507513.76,141353076.6,80848870.56,161686483.4,105275808.2,81093627.04,147408737.4,123716679.8,155496909.6,101633.44,56794913.34,17031798.84,119692352.2,131414125,39142540.96,145241062.6,85497.76,151953942.8,8696836.922,153492276.6,154699863.9,20437.5616,85104315.04,155496909.6,123770075,111150631.8,130718062.2,489440.16,142726030.2,,24.19189313
34,211330183.8,39423329.44,165575129.8,15900953.76,214861654.6,168906413,14619916.96,95277901.88,141733787,200426311.8,32605927.23,5646516.538,207717.1776,184622873.8,102001920.2,14927404.96,57839067.04,27119097.76,200784365.6,3651156.64,195858905.4,93029883.04,25141800.51,123930329.8,208432743.8,153294113.4,18707355.04,177966272.2,17771283.36,157261632.2,,25.75428214
35,117198811.7,131340768.2,61836204.96,1033068.96,268212679.8,247508409.8,1393344.16,24021761.44,190782393.8,255219795.4,113545221.2,8241492.64,31536760.38,242848589,26878003.36,1105862.56,5873836.96,89711206.56,251450791.8,60821281.44,250837175.9,18070660.92,100938190.2,192332518.6,257376565.6,185973223.8,2012993.44,237936795,83371508.64,66519031.05,,29.5955269
36,33561166.24,230420256.2,8372457.99,35183878.56,331132264.8,260409223.8,38246803.36,243088.4416,270918432.2,321461950,192758791.7,68310886.2,112080334.2,312093209.1,72468.64,28255603.36,6658464.16,159096850.5,120025171.4,147680825.8,320132252.2,826353.7216,187499344.4,248516307.4,302384276.6,213943278.2,43565280.16,297341741,172039949,9259605.562,,37.54754352
37,159169.0816,218696774.6,5901012.64,109805249.4,348091111.8,120025171.4,113201088.2,31956861.24,227877139.4,154027956.6,163731474,136286011.7,172056738.4,389872923,24131673.76,91768736.16,57523123.36,169593319.8,35045452.81,171880490.5,385933883,36833246.52,168507399.5,130224614.6,368931897.8,255092006.6,122155545.8,173406758.6,178928077,4481858.362,,38.34066611
38,22667501.88,163645497.8,60971110.56,156740384.2,175906108,35558800.13,151654299,88927917.63,90805652.64,46845811.36,128205799.8,123538779,127171631.2,255194235,77658393.76,148537593.8,125861473.4,138457582.2,98094.24,115514345,416607288.1,93412998.2,124058608.2,42203212.96,426059137.4,322834649.8,159476486.6,74027439.37,149064564.6,56172027.04,,34.41519613
39,66798582.84,114652697.8,98970662.56,97464281.76,65704642.11,1275092.64,110174413,92598279.84,18901625.76,5999364.41,90306248.76,86423052.96,89057723.96,95202951.84,85755008.16,117861421,114806939,97211712.16,29493588.64,80906427.04,232591780.9,86977260.35,84103572.64,4047178.298,479487367.8,294589165,111167501,10725363,118035187.4,96283193.76,,25.85110734
40,63278843.04,64970048.16,72501819.04,62037676.96,9444558.24,13786666.04,72256800.16,60886184.76,1485473.44,6364519.84,54210823.84,53759397.13,57715016.76,20936115.36,53109113.76,78506688.16,77573817.76,53265474.82,85251982.24,62138535.84,101827473.7,58351265.44,64944257.44,7996226.618,566649459.4,134495047.8,71551297.44,5658689.44,78648518.56,61096108.96,,18.27045799
41,37655404.96,35707795.36,43660377.76,34579104.16,3129502.522,29648460.6,42307219.36,31089099.58,28051852.96,40668679.84,39072500.64,29648460.6,33110357.31,115328.16,27152436.64,47119987.36,37136836,28045073.98,65228236.96,36776947.36,24342777.15,33877056.16,37842182.56,30148884.64,699687142.6,34259950.24,51880327.84,30651724.96,55276251.04,40740135.84,,14.35731023
42,17142912.16,15138324.64,15417245.19,14843451.4,12257281.08,16800161.44,20325670.56,13955902.78,32998131.36,24439180.96,19646169.76,12975556.67,13688224.06,9239168.16,16800161.44,23701318.56,13688224.06,11942277.18,36971264.16,16551878.56,69822.7776,14869352.97,14088912.39,13486521.76,809265945.8,451046.56,28043379.36,21779022.24,38177569.44,26284078.24,,11.1362283
43,4598451.36,4294841.76,2610680.378,2672571.04,2749494.586,4803110.56,6312153.76,3931495.84,13392672.16,5027998.982,8992801.44,2395561.018,3790030.24,3633445.946,5200224.16,8250681.76,3458707.258,2899527.84,16682323.36,4294841.76,4128048.698,3877118.522,4469672.506,2953723.45,703501357,15799035.04,7014022.56,11633556.64,24233959.84,10945510.56,,7.553191086
44,27556,498.1824,50283.5776,843.3216,852.64,42633.9904,182841.76,758292.64,1024953.76,14457.6576,1191590.56,42107.04,116308.2816,42107.04,717070.24,2070145.44,149614.24,9416.7616,4361414.56,8836,36771.8976,387879.84,21550.24,95604.64,463093184.2,24764556.96,1475739.04,2260812.96,9637299.36,1722393.76,,4.324062566
45,3023981.882,5076910.24,4261086.778,3279576.122,1651739.04,3396501.562,4255803.962,897945.76,1150041.76,3842540.858,2317458.182,3290015.546,1010427.04,3279576.122,1124448.16,144096.16,2049478.56,3047957.306,8537.76,3290015.546,1641473.44,1429459.36,2136976.186,3667071.802,254504590.2,12551431.84,364332.96,1307820.96,1228550.56,596601.76,,2.773538107
46,9518459.04,14913808.19,14571015.84,9967911.84,9632332.96,13564194.36,14393221.95,8986085.382,9967911.84,236974.24,12767758.24,14297473.44,5113025.44,13350546.75,3045723.04,6073267.36,11532272.65,13787854.24,1155195.04,14297473.44,9607520.16,10186310.56,12363943.74,5545836.602,116027366.6,5229454.24,3096192.16,9857088.16,105755.04,2625696.16,,3.160861804
47,16603995.04,17215860.64,29439739.71,24756595.36,3281894.56,835688.5056,7663152.698,1361422.24,595.36,40638075.04,26821626.68,29019338.04,17375558.56,31597889.44,11808844.96,24169415.74,7633947.962,22647700.28,6408998.56,973774.24,25643285.77,27019204,28689306.94,7852100.666,50850590.52,219398.56,9957811.36,26816655.11,2500193.44,44473960.45,,4.578546774
48,29372064.16,1550124.602,54659406.24,44777510.56,45249838.24,34336787.26,7610977.44,47759156.64,23919924.64,133550381,42578235.04,52228950.84,4225491.36,52228950.84,69786642.75,30793620.64,5732002.106,1348385.44,46180179.36,36961536.16,625617.7216,50143393.44,51785870.14,60027785.02,50597614.24,2612748.96,56376070.56,17241097.02,2698791.84,135647950.2,,10.03425276
49,54991123.36,47593441.44,80981281.08,2847993.76,141809990.6,121435110.5,63049952.16,160143963,101453241.8,151445511.9,60547073.44,82261997.63,8797156,82261997.63,134439387,24012.6016,55157358.24,54446689.44,137142836.6,114094869.5,26308692.64,69508903.84,80088180.64,134439387,79799203.64,18943385.76,136614954.3,2693537.44,54564814.24,144024961.1,,20.21269549
50,73664455.84,120182983.8,117545494.6,11115556,98449259.07,96565998.24,97932399.37,136338317,112334561.4,98878362.94,93865094.56,123748715.6,64933942.59,121819783.8,99780920.12,30236801.44,106052099.4,141886214.6,154127259,119359995,116303283.4,103136211.4,101227745.4,99780920.12,116493166.2,50245414.56,95612412.99,51949497.76,172417908.6,103188214.6,,25.49594301
51,98557241.76,94221966.24,51972564.64,66406852.92,61008596.64,75947739.04,72297607.84,91998790.56,77095424.16,67089204.64,61710451.36,92241425.98,69402228.64,159844437.6,74697991.84,91401248.16,69402228.64,84191635.36,112283693,91784064.16,103852404.6,147661382.6,128079015.8,66406852.92,145183220.6,96518835.36,61008596.64,76786663.84,191335289.8,67089204.64,,23.12920675
52,129076865.4,60833760.16,3294079.802,46278087.84,38502521.4,55633697.44,43501939.36,47754733.83,53975470.24,43362751.8,7942927.622,18985191.84,45226163,193848815.2,46572435.36,66044878.24,56028219.04,42850116,73966880.16,57523123.36,70097081.76,68313531.04,158085358.2,39767653.95,192310329.8,155540806.6,38502521.4,56352046.24,140100365,50109409.44,,17.68498237
53,85695751.84,26547225.76,11170033.47,23966899.36,19028439.87,30820262.56,20347316.64,21966094.24,40413991.84,27445025.44,4176954.938,1075451.962,28931489.44,76839950.91,22794131.46,39795910.56,44927527.84,21539252.28,43618099.36,31230214.56,39533913.76,9508588.96,207118150.6,18825185.44,251653805,99752153.76,19028439.87,39072500.64,113831828.6,27671808.16,,12.19698655
54,17342227.36,13829473.44,7699515.04,5878491.194,5735067.04,12018702.24,7249017.76,9492807.482,25124153.76,15862695.84,7900596.64,11094228.64,16997479.84,13936782.24,6244001.44,18596793.76,22997779.36,7829699.386,21237350.56,19547009.44,13252512.16,3687936.16,268553433.8,7453773.626,321743143.8,24836268.96,7154555.04,19646169.76,103087470.2,10656307.36,,8.816211396
55,563700.64,3611520.16,1366654.522,434017.44,622584.1216,4887636.64,509796,1540180.282,9098668.96,4308115.36,1445188.666,2026636.96,4908883.36,1212289.082,792384.8256,8287489.44,4241952.16,553178.9376,6368556.96,8925753.76,2704051.36,2297043.36,317595169.4,456651.5776,414539372.9,4678.56,733420.96,5936044.96,77587910.56,1582564,,7.490601668
56,6617241.76,9139.36,454060.3456,902196.0256,1104516.922,153977.76,486087.84,358753.0816,2505255.84,338724,726313.0176,1097130.554,195364,60123.04,1355454.778,2633479.84,307270.6624,1018484.64,45113.76,115872.16,123622.56,1027547.142,385713888.2,635527.84,465126862.2,80883.36,1204198.97,123622.56,54387675.04,819387.04,,7.833954832
57,332236.96,4374790.56,7443293.498,5620692.64,8374309.946,2864217.76,6328243.36,5962582.586,106798.24,7536123.04,7248156.218,8411392.058,7248156.218,4632825.76,6954823.84,38259.36,6787067.04,4499489.44,7779636.64,683598.24,5511225.76,7789457.722,471949555.4,6841363.36,299691494.6,5613108.64,9766875.04,5269779.36,30873580.96,6304920.122,,8.030157924
58,2015264.16,10619777.44,20868816.7,9942670.24,20987393.44,18832128.16,20845433.86,19441044.64,2224870.56,14877991.84,19759803.04,19124878.24,19759803.04,17953863.84,19852371.36,5200224.16,17732184.12,16228006.56,21408758.84,5109408.16,18562310.56,21445790.52,593974886.6,20975667.21,131762849.4,18268443.71,17953863.84,18992164,19265076.64,18930852.92,,9.971003305
59,11666323.36,22018617.76,39957569.44,25607648.16,40954880.16,40129691.04,43049345.44,30483649.44,12163353.76,33228307.36,36614116.92,38353744.44,30882471.84,30175246.24,41215372.81,24281241.76,36648978.75,37371214.24,35679118.24,24084537.76,38363653.95,41873323.32,555431769.8,41821571.64,34956473.76,45161625.66,36670291.36,40770779.04,9268371.36,38327985.72,,12.79117808
60,29285414.56,53869728.16,62882362.43,51053883.04,69778623.29,71727348.64,70241831.48,53869728.16,30069868.96,67822471.99,62267249.72,69442222.24,54399475.36,45551700.64,69053440.83,47936236.96,65743555.9,54305108.64,62100704.16,48893657.76,66605185.44,61108615.84,314523131,61046094.24,51259872.16,71795118.24,65702048.26,67322681.4,1099142.56,56809383.84,,16.50671407
61,56196012.96,87153427.36,92490535.84,80346124.96,107769313.4,91799393.44,110695649.4,87153427.36,47847655.84,101772586.3,94691582.52,98840182.59,87826886.56,73403769.76,105620839.8,65461044.64,97243265.44,86051596.96,99305211.04,82395559.84,95393507.64,82322958.24,148069958.6,94486176.16,83825011.36,101643497.8,109584048.7,108831631.4,1074124.96,77320366.24,,22.40539896
62,102892621,128405158.6,118226478.2,120112832.2,143756263.2,129950880.2,135331342.2,128405158.6,76310707.36,142282909.5,133887115.3,77954772.64,129458884,100024001.4,141204738.4,78733678.24,120411118.2,140123091.8,138853229,106775022.2,123503214.2,120569184.2,101066830.2,146857557.5,126346592.2,147288321.3,142592257.4,150607874.6,55884.96,112606054.6,,30.06864237
63,111268742.6,177624921.8,161076710.6,170156371.4,179484967.8,179442099.4,180945542.6,88172100,115167238.6,187175233.4,166854055.8,11798950.2,185728925.5,36341606.56,81526452.64,116217024.2,163625030.6,186457932.6,188961313.5,147661382.6,167226278.6,123609924,127898004.6,189198924.6,177560955,192909876.6,189326592.2,188930523,36835188.64,158951577.8,,37.02230715
64,39493683.36,69242369.44,89423500.96,244552048.2,64047368.76,113030918.6,132885561.8,14449121.44,50802681.76,129273261.6,219762835.4,2975763.002,236581313.4,3113107.36,14804025.76,180300441.8,220275465.2,240093785.4,249551527.8,200154585.8,168158649.8,39453473.44,151260481.4,243202777.4,212611393.4,223139063.9,146729614.2,242225645,150965454.2,98652569.76,,35.36739067
65,3464065.44,9857088.16,24740676,125377287.8,5518740.64,31472100,42557356.96,1668230.56,4509676.96,36689671.84,299132244.8,47403775.8,234391200.8,9927540.64,2954273.44,240634553.8,295985874,300600695.9,285921044.6,263490809.8,63418924.96,791815.2256,186147821,287004257.4,268946880.2,92644475.04,48047078.56,279919668.6,325109748.6,30177004.09,,32.48143002
66,16493345.44,3475987.36,591668.64,25429831.84,7527340.96,449.44,2256004,33878918.71,8296704.16,98094.24,363329345.4,132867118.2,105620839.8,69428889.76,46397894.56,264509889.3,359375431.8,376058972.2,350723001.8,356439296.2,8563348.742,16449189.18,219359796.6,188227424.2,341673043.4,15063713.44,1863771.04,326727315.4,517708110.2,96696.1216,,35.10451055
67,83986227.36,47174918.56,41272915.36,375033.76,51287368.71,25721126.56,12909936.44,93697753.66,60771379.36,23701318.56,427123235.6,150101702.6,16997479.84,130060339.4,96386840.58,133753851,277083989.3,450808015.4,429467597,412626094.2,4091719.84,81382049.44,261003411.4,75961683.36,446544518.6,1467974.56,13895001.76,406441728.2,546979833.8,23485266.75,,40.75120723
68,133846388.6,95187340.96,93710144.16,31543948.96,112555124.6,64586296.63,55726822.2,99896027.04,104440224.2,73691923.36,240555136.8,95659353.91,2083980.96,114978439.8,98541358.24,38080747.32,134866414.2,335338133.8,516652900,489807718.6,45874070.84,112266739.4,309379956.6,13853284,531900124,30038291.72,50100348.99,494848923,430164192.2,69135899.04,,42.38640642
69,104538355.4,66201004.96,77658393.76,82206862.24,85829107.36,60447515.04,67023694.24,70375992.12,72460953.76,74933260.96,109771719.8,68803707.04,33718926.24,79288339.36,75182772.64,1022040.122,32777915.04,163461339,624012390.5,353725817.8,69173154.36,63850327.61,376654937.8,1945467.04,399728046.2,64080665.4,66344283.04,464023297.4,372752526.2,67454026.04,,35.89176205
70,77278164.64,37704512.16,46463308.96,58131475.36,52829638.56,38057054.52,39433376.16,49601031.84,50109409.44,52168839.84,25836482.36,41925107,57159648.16,55812852.64,46955385.76,12285305.4,399929.76,57814732.96,389399182.2,175329377.4,48592052.64,38972551.84,458114093,30061095.84,213129633.1,38007718.2,46245440.16,249551527.8,335519815.8,40578938.43,,24.18992351
71,48614361.76,17176051.36,22910390.79,31678886.56,27798201.76,18715660.35,15066197.51,26374387.36,33904999.84,29207539.36,325812.64,18043465.02,30962547.36,42005953.44,22730009.76,25492804.92,6804585.274,6540090.17,205688374.6,66396422.56,26547225.76,19575315.36,447728672.2,30722631.84,89093965.88,18705971,22236883.36,114584179.4,285055949,21928615.84,,14.97741104
72,23888633.76,4764615.84,6129387.578,13194329.76,14736385.44,5160893.498,7501025.44,7494015.75,20855662.24,15767252.64,11919065.76,7699515.04,12733478.56,32476321.44,5241169.21,10297937.72,8472756.64,1278708.64,81526452.64,14477111.81,9962860.96,6051993.606,261003411.4,13871155.36,18334153.79,6175423.802,4703346.438,40342822.56,200154585.8,8196539.962,,7.389541795
73,5019392.16,172059.04,404190.7776,4834721.44,4082016.16,186416.6976,691558.56,1205955.386,7073472.16,4632825.76,2121100.96,914700.96,2472441.76,15057504.16,1146612.64,1874270.522,1703129.402,664159.8016,14804025.76,640384.0576,1346528.16,1777422.24,126346592.2,2987366.56,390875.04,416076.6016,136190.5216,2042612.64,132259200.2,522439.84,,2.85629896
74,24211.36,1970092.96,700903.84,888871.84,4147.36,1745569.44,2453859.59,347156.64,5836.96,516673.44,302500,1015902.726,179436.96,3550963.36,699564.96,519.84,286182.2016,1756155.04,1236366.086,2031195.04,643717.3824,10080.16,48670156.96,71609.76,1271481.76,1434820.666,2163723.322,931611.04,88653523.36,779618.3616,,1.389382857
75,6658464.16,11271866.17,7059861.562,766675.36,7587160.07,8583962.426,7339764.64,5796537.76,7909593.76,1209120.16,5920462.24,8380793.402,5850593.44,12454.56,8533409.44,3224179.36,5654123.066,8607417.146,9011043.386,9204185.146,8140750.24,7549305.76,11286912.16,2894081.44,9559969.286,10577065.02,10981535.55,33415.84,44617056.16,7414511.162,,2.043165712
76,1073793.338,29000379.04,1857223.84,8763968.16,25012001.44,6072478.778,20499161.76,14754817.44,6434948.358,10140403.36,18088349.24,22419846.2,20731630.24,4441977.76,22562500,8778183.84,18880763.04,21355489.44,17050292.64,25012001.44,67060.2816,22501740.96,5384256.16,13020550.56,24790042.68,51874.6176,25012001.44,2973555.36,15551980.96,20820603.96,,3.662801753
77,38950580.28,48873521.72,42810325.56,31445177.76,43651920.44,7743975.84,43265874.18,8177312.16,6531909.178,35051136.16,774822.4576,43230099,37932788.28,17576217.76,47792334.24,19328332.96,29781031.84,41468448.16,1600326.202,43689984.83,24020193.08,44974727.94,52353907.36,32412526.24,46498215.48,33117723.04,46526586.68,19110886.56,3455137.44,40997896.76,,7.893140882
78,141486267,24117528.12,130023847.8,35060609.44,11607376.44,66863983.16,69002926.24,7326766.24,60883687.84,71559418.12,19068942.24,70811551.8,63983361.08,46780128.16,72621756.99,25842988.96,54234387.36,70625871.37,47869793.44,43787335.84,111403803,23398503.84,132240800.2,56424134.56,74977588.28,119573350.2,58495575.1,40546329.76,261734.56,16368821.31,,14.95129803
79,117236921.8,60594.7456,130206356.6,31399.84,3063060.026,117008354.4,93153382.56,62226854.56,118609524.6,108248210,95277901.88,95281025.44,96805133.88,79644915.36,111856852.5,6336.16,95306015.75,105903857.7,126796608.2,1495631.162,133088525,310293.5616,248491085,92090892.96,100104027,109721435,5765761.44,69949804.96,23662387.36,809568.0576,,19.81925581
80,76436551.84,27865729.44,92014137.76,24163123.36,44833201.98,80535547.71,135666585.8,101856537.8,82308441.76,147797511.8,86881786.68,97954567.84,136398106.7,121202484.6,154163015.7,23404695.87,113184065.4,147160190.5,85829107.36,15500283.96,102066567.8,32651624.51,368901166.2,149392928.6,141905273.8,78659870.52,8958288.442,107321312.2,95640576.16,37783150.24,,24.69966995
81,47947315.36,45603549.24,56886590.98,64957152.16,51592615.84,47883078.46,186147821,64121657.76,58351265.44,189498350.9,55965959.48,17249070.24,182840157,164547321.8,203240378.9,60821281.44,33886369.44,174525236.6,52829638.56,58229108.64,68631283.36,50506606.24,362896404,196706235,204789837.8,49366924.35,45564660.03,139079566.2,186121626.2,61384091.04,,26.93669799
82,30148884.64,32185198.24,26829913.66,29294073.76,35126958.24,25803961.66,247030375.8,30011990.02,33877056.16,182066446.2,31788848.19,1057606.56,242619252.5,219739117,81165684.64,35765184.16,5959.84,195809646.2,27984100,33783993.76,46933460.64,34231860.64,283410491,251019661,254305533.2,25591457.44,25631943.84,170281620.6,136581294.2,46856763.04,,23.84943423
83,17933531.04,17974208.16,11153996.86,11532272.65,16157184.16,13009006.24,325918030.2,13697697.08,14626035.36,69082694.56,13474772.64,24131673.76,303325415.7,282898944.2,13067935.8,16213829.69,25156243.36,232538100.6,11439006.27,14564908.96,24439180.96,15551980.96,231835948.3,316746023,122541357.6,11923485.24,10526131.36,128060909,101627367.5,36757543.84,,20.7288543
84,5838988.96,2535737.76,2517934.24,1456366.24,3743451.04,3198374.56,386474708.3,3463469.882,5715924.64,7536123.04,7981755.04,7995321.76,258862356.6,208063315.4,2387148.602,3995201.44,18755828.64,294342061,2001659.04,3276100,5273452.96,1950826.758,175795777.4,283324303.4,36447783.84,2592615.226,1665751.61,40975361.44,76296731.04,18014931.36,,15.85906716
85,109958.56,171396,476.9856,159169.0816,460769.44,125883.04,441218427,442.6816,327641.76,150233.76,4173031.84,32544.16,114382169.4,85429351.84,39521.44,154480.4416,6312153.76,370223777.4,37573.9456,124750.24,66316.5504,8244.64,135793341.2,134216859,417109.3056,35796.64,36404.64,431911.84,47836588.96,5055302.56,,11.41509437
86,5362003.36,6641959.84,4310772.538,5025846.586,1298688.16,2142124.96,495561025.4,3319100.986,2287353.76,4536900,619054.24,3296403.36,30667671.87,12870873.76,1117671.84,2093693.242,266668.96,336663782.6,5054583.098,3848816.186,2921364.64,2984601.76,96295754.04,38363653.95,5443822.24,1335411.36,2358067.36,2093230.24,24210336.16,26764.96,,9.345511718
87,18287596.96,17521256.51,14662772.64,17717364.64,10396755.36,8393767.84,362506368.2,15025236.54,11094228.64,15470062.24,1064198.56,14528294.56,13485346.62,9937625.76,8269075.36,10804106.04,2189216.16,198370323.4,16009601.44,13316660.64,12443961.76,13865196.96,63523450.43,15691105.44,15538102.59,10500192.16,7305127.84,138086.56,8552115.36,3691009.44,,7.88356449
88,37968272.19,37861870.24,29538790.2,33813759.8,33899410.18,22236883.36,199498675.4,32675399.74,16918414.24,30711990.59,6077211.04,33213552.13,29432795.04,33635360.16,23732486.56,26315258.43,12704947.36,84074228.64,31438000.44,29894649.76,30161185.29,32713824.16,34996216.38,27219175.84,31687892.64,28357755.04,12146619.04,5605529.76,924828.4224,10094599.84,,8.471976548
89,67506599.74,52783131.04,52925043,47538267.04,59089354.04,45045574.56,94834876.42,55788948.64,36245216.16,57702862.14,19117881.76,56328027.04,49434398.52,59889025.44,47163929.76,51613304.38,31913460.64,38753115.04,48346990.24,55233434.89,43808513.44,59018040.58,16611819.58,50757075.36,55488196.92,51031020.96,22478977.44,19823865.76,1383540.538,24956019.36,,11.63610664
90,101127962.9,72610849.44,83082495.8,69362246.56,90762966.84,77376652.96,96613172.64,82354899,75127289.76,87407540.64,49274784.16,86929516.96,78745036.35,94657332.64,78563404.96,81436907.58,55765049.76,64699500.96,67390964.64,86843015.48,63418924.96,94735182.24,4998622.778,93533656.84,91952756.64,83532288.16,44201222.56,42734983.84,9097703.738,48882470.56,,18.29088281
91,141520526.1,95593639.84,103933947,108434734.2,129273261.6,128271027.5,119709857.4,119136351.8,113712365,109436705.4,71456590.24,110056884.6,117531617.4,128481318.2,119818418.7,116148039.8,79231361.44,89817319.84,100552761.8,124522388.3,100970342.6,111911009.4,233095.84,131582923.3,125391620.7,111792558.2,88066963.36,60733966.24,22745268.64,80776953.76,,25.95741878
92,188684289.3,136525203.4,133162368.2,138307008.2,177880903.8,137026690.1,162807392.2,143875227,162521702.6,150788576.2,105505766.6,140081427.4,154998516,173655467.1,169655835,153409032.5,114909824.2,127590579.4,144566957,43057744.19,161178259.4,83196289.44,7457268.64,177258335.5,70647387.04,135498912.2,146904096.2,19187904.16,40640115,103119963,,32.26652091
93,239915316.6,182325607.8,183212467.4,46856763.04,208779380.6,44531598.24,217727731.4,177944928.2,220023822.2,188051854.2,112097273.8,193777536.2,210372978,229377083,220332461,208520531.3,63291571.36,176666630.6,181096231.8,2338452.64,192177223.8,11405479.84,61208716.96,236182800.7,9065880.122,51404311.3,218082009.8,286011.04,59616929.44,134291014.6,,36.3179691
94,292237657.4,190892909,241230598.6,1212641.44,240758669,1643113.786,262090196.6,136787059.4,277275782.6,77602004.64,32176121.76,275610466.3,267134181.2,280691154.7,282151303,265046214.5,8711942.56,233710713.8,236064787.4,14916279.87,142477645,5601742.24,154393547.3,296123523.9,4618372.922,3790653.242,262478881.4,39423329.44,91003968.16,48346990.24,,39.59350126
95,187175233.4,89559724.96,307216761.8,15932870.56,119125873.7,14068500.64,327479693,37567092.64,347732985.8,13159481.76,1741344.16,354388155,170490471.8,350483329.4,205784763,325196302.2,4212345.76,270760443,324417734.6,79117467.04,58831354.43,55645632.16,316449944.1,348987233.4,53422065.72,13740366.24,295523604.6,129313286.6,133070067.4,3461088.16,,42.04372505
96,72243200.16,19888032.16,381170957,66592128.16,25575271.84,75429919.8,309289906.5,897945.76,426158221,1894476.96,13574803.36,417424126.5,51397428.64,244822350.2,80171250.75,366538683,48547449.76,316825760.2,400304057.8,148112794.4,9710951.738,122686637,477079953.5,420233600.2,118919897.4,72651756.96,346868275.4,192865433.8,183385764,5777292.96,,45.98140886
97,12600228.1,207571.36,463093184.2,110006534.6,471694.24,112405796.7,159068597.8,16454380.96,512471799.9,51972564.64,64763865.76,495995659.3,3950553.76,99832070.56,16065987.9,284003385.8,94788138.25,391865779.4,484158413,117913537.4,4540308.64,148537593.8,494251152.7,239132821.8,111643737.1,105298792.7,452480966.6,152977318.6,246653307,45648940.96,,46.63694874
98,1183221.818,25028007.84,526849390.2,72878320.13,37881563.04,74559771.04,50200059.04,60459955.36,603339004,117514272.2,81454235.04,581338392.1,8775339.782,25769836.96,2306753.44,150074260.2,81916980.64,382265062.6,549302343.8,92213767.84,47814459.04,89332742.56,430927777.4,107202002.7,73939361.44,74391315,545521421,105752429,130732697.1,107769313.4,,44.48396249
99,28272615.84,50871129.76,618039488.2,41316098.62,70284748.96,49407403.32,1798817.44,54529363.36,530978005.6,88517990.56,51337798.2,673601810.7,36370548.64,523596.96,33533364.64,47469895.23,55385745.47,211632665.8,642338611.4,60596883.36,56857632.16,46299859.36,380359207.8,28315169.44,48902608.44,46036767.8,676187213,58314604.96,42097258.3,95781454.24,,40.98680289
100,29990956.96,26382604.96,726043803,21853755.04,32906284.96,26926136.12,7999846.56,29034854.56,302384276.6,53635116.96,28356051,764035937.4,38872731.04,9060100,32085427.36,2487559.84,29027957.82,91080300.96,776166227.3,33505574.56,30143613.7,23550444.29,312738003.4,321262.24,31886350.24,24424945.47,783977600.2,38474727.84,1540577.44,62088096.16,,37.12953024
101,28639622.56,9862112.16,832460985.8,9401337.146,18514087.84,11196786.75,11394675.36,15640443.04,149025497.8,21868716.96,15830849.44,835048167.8,19504588.96,10049914.43,12813536.16,4947955.36,15325659.04,20607968.16,863019879.8,14382297.76,10334939.04,8013428.64,246125894.6,11891462.56,14656646.56,12398849.44,897807736.6,19222963.36,17223828.03,33579707.04,,35.6054547
102,110948302.2,2913166.24,846060549.9,1901089.44,5738899.36,1668643.898,1666164.64,4564204.96,51891852.96,6716390.56,4667328.16,948911059.4,5599470.342,3059700.64,1127844,7133172.64,4394892.96,73766.56,973255304.8,3227052.96,2579749.946,2954273.44,187481817.8,2109465.76,5735067.04,4358073.76,1025101096,8707220.64,52574100.64,15113433.76,,36.47404687
103,289585095.8,12454.56,566337188.7,193248.16,63302.56,300567.0976,315304.7104,493927.84,10982596,7617.7984,12170.5024,1112307878,14.1376,99603.36,685981.4976,726585.76,20346.1696,861926.56,1111368904,39840.16,34299.04,9920.16,136805773,353.44,237753.76,267661.3696,1130697116,1089100.96,47483124.64,1326182.56,,37.50181034
104,425332877,4824172.96,355406953,3508878.24,5051705.76,5295521.44,8249762.618,1244563.36,9200302.24,4101435.04,3553979.04,1235589989,3059700.64,5289632.006,4140411.04,1307820.96,3553979.04,57025.44,1055548117,4606689.542,356647.84,4391539.36,94287207.23,3238560.16,1771028.64,6928687.418,1021006990,2571532.96,31750971.04,444622.24,,36.60173499
105,323150957,21454682.89,187477436.2,14291424.16,17710630.56,15264336.44,21392475.04,9682054.56,21546678.59,14784332.6,13716652.96,1368544198,11275089.47,17530634.04,6506580.64,9857088.16,7457268.64,1042849.44,745705017.8,16087800.12,5835123.36,16826404,57741761.44,14406579.36,7641907.36,19229979.04,686922164.6,13604294.56,13895001.76,4046534.56,,31.32813402
106,282549204.6,7448532.64,79231361.44,39170574.65,37099793.72,27596110.24,38860761.15,26087577.76,43681524.64,36872098.62,23724692.64,1287460513,29292341.82,36358970.43,11110222.24,26374387.36,12342574.24,8063328.16,461167035,34267442.75,20253600.16,39252731.04,35916528.44,33542630.56,7956.64,30219207.84,418824411,30550824.2,1167264.16,11869403.04,,26.96063122
107,265468366.2,6014265.76,56626227,29712964.92,62945817.15,50007526.56,58595963.04,4258444.96,59616929.44,61233755.04,38633683.36,929630343.2,51340091.04,44679064.38,26538982.56,50100348.99,29380736.16,23383027.36,224724084.6,62540259.9,52203515.04,1324708.922,17223828.03,60646713.76,25932537.76,53518003.36,236310681.8,692623.4176,267992.5824,113164.96,,21.97542221
108,240584916.6,64301153.44,93416091.04,84657.7216,98033761.44,82221369.76,71186343.84,8645952.16,91003968.16,55815243.32,58510260.64,648069031.8,76929739.32,1339111.84,27840396.96,82395559.84,37302777.76,39302868.64,99592416.16,93338785.44,17987777.44,16049317.95,74352679.84,34381804.96,101937293,81569798.56,148869281.4,18729506.62,28941817.66,38059028.64,,21.52968964
109,187481817.8,100632998.6,116148039.8,23679513.15,132476416.8,110275201.4,93958126.24,62788508.17,134320682.5,5353855.546,89635449.76,382953588.6,112592472.1,16195795.36,853036.96,114187176.5,292897.44,66853516.96,73815590.56,126944387.6,884352.16,81699905.44,124593815.9,948.64,106923872.2,16221561.76,42161646.24,74783753.02,124840398.2,139816435.4,,22.66168109
110,134736377.8,54789604,158649139.4,54446689.44,181634919.8,151772544.2,134569280.2,59209947.04,194665001,8992801.44,131414125,237147680.2,136674804.6,58676825.61,24100244.64,32112622.24,20717062.56,117150317,112097273.8,66148942.24,35713532.17,71795118.24,88731878.46,31633875.36,79331086.24,988036,366267.04,51477755.04,235303328.2,126076966.6,,23.75311513
111,80288768.16,35889684.64,196818452.6,33294746.43,106563503.2,189150510.2,202994105.8,37076408.12,246653307,38693376.16,54588454.56,219563640.6,135387187.4,33327990.84,72515443.36,134.56,56352046.24,164342144.2,158346989,5708276.64,36590884.92,49555968.16,58779822.24,43819104.16,50245414.56,33744945.72,20943436.96,28675596.6,161902211.8,85237209.76,,22.44604829
112,47273875.36,22418331.04,251146425.8,14461287.84,26685902.91,242474726.6,263854541,25092084.64,299769055.5,18204216.89,6116718.24,292177486.2,43978118.56,15468803.64,34438118.56,24924057.76,31355520.16,222141139.4,212564736.2,11254683.04,17716017.72,19293177.76,36736205.88,15779961.76,31976763.04,15753278.52,15843584.16,9782882.618,128387028.6,60821281.44,,20.92493662
113,17879366.56,7995321.76,318394061,4814338.106,48505.6576,252415833.8,332683008.2,13427827.36,350992731,5012225.44,12511783.84,349651105.1,2946028.96,6691534.24,14995481.76,12647980.96,14297473.44,288632916.6,256499443.4,15741849.76,8195623.84,5692996,22229339.04,3906156.96,14044505.76,4520556.346,3896676,1658325.818,101501595,35765184.16,,21.11442236
114,9370945.44,551751.84,397141126.6,19532.8576,71182.24,106527169.4,368808979.4,2495136.16,406764358.6,400739.6416,8664780.96,421848877.9,1572516,1771028.64,3520876.96,4506279.84,5936044.96,353725817.8,109185780.6,1743456.16,913171.36,252807.84,7882617.76,294631.84,1210880.16,5149.4976,76308.5376,304969.0176,66709689.76,20673390.24,,19.61311234
115,38256699.04,263374.24,502688685.3,2602414.24,714363.04,18582996.64,204181236.6,57025.44,519107010.6,1456752.442,87852.96,500946761.8,427506.7456,5595.04,14304.16,46483.36,193952.16,432789773,28691020.96,12814.24,1275092.64,1734594.362,167706.6304,1861587.36,802099.36,1287771.04,3059700.64,4101435.04,30474816.16,12653671.84,,19.66439238
116,104620166.6,5436358.56,409408281.1,10380252.99,7094764.96,180115.36,84162276,2507788.96,608656267.3,9301524.026,3198374.56,579326388.6,7334563.898,3040140.96,4859379.36,5865308.986,2704051.36,519821760.2,539931.04,1874708.64,8749764,11952231.84,537582.24,14876757.56,8736517.178,6148416.16,12727769.76,9089019.04,12545764,4509676.96,,20.959951
117,100312243.4,14176731.04,231076481.4,24100244.64,22218779.14,9434726.56,32356074.3,12813536.16,630704959.5,25172295.84,19674547.36,627943457.4,19902305.44,14656646.56,18397236.64,18089710.24,18690749.96,319851763.4,2301895.84,10160793.76,23437217.44,25633563.96,6510662.56,32766923.58,24772519.84,20030995.36,30602138.89,19788262.56,2670478.906,375033.76,,20.09837932
118,54293318.56,31176588.96,86735694.24,45260601.76,48848916.64,20296827.04,55371457.44,32085427.36,403254593.4,43901755.71,41365478.56,667767617.4,36842957.63,41933395.36,27865729.44,36864326.56,43933565.5,168200148.6,11726515.36,26869708.96,44350272.16,37733991.84,20680665.76,55908519.84,46180179.36,43038848.16,47958395.04,42682702.24,111022.24,10624992.16,,19.37970777
119,28862681.76,45573300.64,66266112.16,66605185.44,73922852.67,39987916.96,81899604.03,60050100.64,215791399.2,73843086.24,71218746.37,769973702.6,56112084.64,73242102.59,43872076.96,64406403.13,71711088.7,52203515.04,36864326.56,43787335.84,74371996.17,56064153.76,42818700.96,82500162.36,67719732.64,81697013.05,66932033.44,69749222.56,3770742.586,28562611.36,,22.25187544
120,15514145.44,65538739.36,111059560.7,88683655.84,113470217,70701190.56,121378695.8,91538969.76,124194085.2,104018785.1,114323996.2,929298643.4,68445838.24,119185255.8,75836230.56,102824467.3,98827457.44,81786700.96,65086169.76,72665395.36,100344295.8,89938668.96,72624484,119311055.2,100954265.8,115645074.7,101775814.6,107072825.8,15281844.64,65292864.16,,30.03369793
121,4496096.16,103640544.2,136450433.4,128242035.4,153888987,124197651.4,159411835.7,133716845,168590488.4,144936557.9,154883003,1097702919,101840390.6,156824527.2,130974291.4,141448206.2,138322061.9,121872768.2,101276045,124804646.6,127085038.2,131781216.2,108721494.8,162893148,145048301,161828929.4,148186798.2,152364461,30446558.27,115081401.8,,41.0255894
122,908590.24,164547321.8,184644614.6,172375892.6,196307000.1,175011732.6,212961486.2,168927207.8,219758091.6,192625530.7,197510418.7,1194753051,132830235,206294620,201051981.3,182221921.1,193243361.4,155580718.2,147583622.6,173385689.8,173722944.2,166750734.2,150478307.6,213330562.1,197110368.2,184058062.2,195764870.6,205624128.2,57338818.62,161889997,,52.69786434
123,153350.56,219739117,245649198.2,63164345.76,251252932.9,229110605,262406305.1,195630574.2,274803559.8,102393351.5,108601409.4,1330235962,180429369.8,262629250.1,273611297.4,164325735.5,140824739.6,204249830.6,218909779.4,232635705.8,250512921.8,200766228.6,185319214.2,274670958.2,257140467.4,225012000.2,258450637,117167635.4,86959355.04,216666624.2,,59.99988672
124,9756876.96,119920020.6,305956070.6,9195449.76,313071973.9,316193833.8,325507990.6,237788736.2,330620034.4,24591284.28,25270326.84,1435021680,258553536.2,330265198.2,329416692,58659668.28,44983312.44,247281915,101437126.6,300578503.8,317053636,237936795,196885798.6,303414593.4,305172948.6,239063548.4,344797362.4,39290832.7,119548857.1,136319635.4,,62.82774097
125,55896556.96,28991763.36,378470566.7,2068764.422,375630913.4,388364272.4,400368084.6,329654861,400918927.2,40417.0816,16941.6256,1066795792,326727315.4,371918939,404701735.8,4020827.04,1109230.24,307777901,25680569.76,370346931.4,388635487.5,297341741,82476911.62,151871117,271840953.8,109353031.8,392245947,205390.24,166440961.4,37322324.64,,60.90798011
126,153551750.6,1064198.56,466224828.2,43152286.52,348981255.5,464271485.2,446105089.4,239667553.4,477989020,34278683.04,26654503.84,747978740.6,217538900.6,445361933,472012123.7,10089516.96,17043686.56,381795968.2,248801.44,454934772.6,470074433.4,373587046.6,18985191.84,54884390.56,133402500,27831955.36,471428313.8,27992564.64,210535456.8,133371.04,,61.77759971
127,280374931.4,23051521.44,544998363,85343600.19,193439139.9,524098606.2,526225248.2,107918854.6,561966850.1,95234177.44,75936584.51,504397697.4,81093627.04,533591520.2,561367726.2,54057785.76,62986444.96,439875118.2,31265990.56,536759930.9,542416647.2,286814547.4,1075451.962,9336691.36,43259559.84,57561.6064,581315245.8,84544347.04,262349287.8,28931489.44,,65.42819965
128,419053652.6,75891974.56,466293925.9,52864532.64,76531703.1,570388135.8,621784147.4,29955918.24,659113198.2,89166471.84,57756352.06,570846777.8,14619916.96,588217710.2,640183107.4,79687758.24,76716577.44,523512704.2,68870081.44,451317733.2,642330501.2,129258708.6,32880590.91,3865156,321262.24,21444308.64,662905949.2,78833089.44,304748245.6,89620302.24,,69.15367965
129,380390413,54470304.16,274273345.4,32060055.87,10376129.44,608372091,725311078.6,85030.56,699018605.9,71456590.24,33174835.26,704350368.2,3037351.84,363725926.6,748363866.9,50529350.56,56292007.84,651658361.8,44467558.56,255910407.8,734258247.8,38286393.76,56652718.24,24453420.6,17375558.56,36100870.56,761040362,58107079.84,145221780.6,78776275.36,,65.90938634
130,284138221,35364430.24,124700995.6,13015932.22,1282329.76,471810529.4,835788100,15818119.84,432024539,49274784.16,16054446.24,814280467.4,27789766.56,197897369.8,831122772.6,26136633.76,39022510.24,757548557,21009388.96,112483842.1,600536194.1,1619001.76,35058714.68,15799035.04,24045292.96,16099353.76,866115482.4,33691059.36,42047443.36,38792966.56,,57.916027
131,237862759.8,17043686.56,36083568.44,3440283.04,7326766.24,273558368.2,711886433.4,17109804.96,226237697.4,19117881.76,8379867.04,932178598.6,16318368.16,82148844.96,759972569.8,10955040.83,19610726.56,871406784.2,7646331.04,28017966.24,368378926.2,2028915.36,20928795.04,4274969.76,5091340.96,4024036,985784167.8,14503910.56,2462388.64,17913209.76,,48.79671827
132,200698222.2,4176300.96,2123431.84,60594.7456,639360.16,135126675.4,462232800.2,4581312.16,97211712.16,5647276.96,1158636.96,1021774011,1699372.96,17593662.47,507687418.9,63215220.64,8968827.04,993233043.4,2017536.16,2224870.56,196324934.6,554131.36,12853659.04,109217.0304,67808.16,15079.84,1089385474,2970796.96,11753926.56,5001484.96,,41.45213288
133,152482982.6,364332.96,8997600.16,3269731.898,2817832.25,52876166.56,273891908.1,499566.24,26333318.56,13334182.56,127591.84,1103648129,1207009.85,2719860.64,303520509,191512385.4,7659609.76,1068165416,441427.36,2483523.846,71321403.04,1566502.56,4629382.56,3880269.626,3012307.36,1284142.24,1223124718,1024953.76,32248769.44,57792.16,,38.95907317
134,125019233.4,6757920.16,62644059.04,13309655.1,11498609.72,9518459.04,139835355,1235654.56,5901012.64,64070419.36,5127507.36,1227773568,7517686.586,8440187.04,155656564.5,372598087.8,50700096.16,1119919611,11463912.51,12012046.91,22395609.76,10967754.3,245619.36,16194507.58,5208984.582,9244032.16,1338231018,14050502.56,11174311.84,3082131.36,,41.38785904
135,96754764.96,21119539.36,171515693,29172961.44,27393081.15,9687033.76,58214458.43,9657177.76,18042105.76,184166612.6,23798006.02,1371635667,23003918.14,23159193.76,67917377.44,305704243.4,147001075.4,1244932429,33642784.06,26555470.24,1230679.61,31508014.24,6658464.16,33376039.84,8123412.026,31217697.8,1464531669,39783799.35,6236007.84,10170996.64,,47.24444909
136,60087302.56,43449190.56,202028699.1,49097488.44,51857281.44,27010887.84,53893217.44,26046732.96,38982540.96,236925977.8,48013812.64,1486904448,44039681.34,5379059.718,52097214.27,257628180.6,238653062.6,1389768576,48904846.24,41077844.64,47483124.64,45228315.04,26529092.41,54508098.36,66631303.84,54567178.04,1496730394,54423079.84,1328025.76,19759803.04,,53.60779284
137,26054899.36,2556161.44,147933703.8,68673706.04,69109294.24,41643790.24,71456590.24,50404320.16,67891008.16,179463533,72845542.2,1170159898,65759124.64,8300391.482,74628865.44,200041421,180967065.8,1549555987,1560500.64,67693401.76,159638171,12275212.96,46365204.64,85116123.71,163154638.2,85136790.84,1097013889,4820659.36,79073.44,40352985.76,,49.69726135
138,96644628.64,15741849.76,122120180.6,5601742.24,91569588.64,26952710.56,107337888.2,84353203.36,104767507.4,143108583.8,107639795,848948452.4,4933729.44,64612016.19,99672268.96,145414657.4,144451553.4,1772443680,15463769.76,88262267.04,127409913.8,2251200.16,17182683.04,125287726.2,130608326.6,51120212.03,749511079.8,8066054.406,4408320.16,82599014.56,,46.09507992
139,148732659.4,69229056.16,101227745.4,10237440.16,129677433.8,35193.76,162778811.9,139986758.6,151792256.2,114635566.2,149275614.3,575128649.8,14358036.64,170845812.6,143510816.2,104865792.2,104048160.2,2002347706,73403769.76,115339008.2,74476900,42307219.36,1074124.96,137949723,99896027.04,4858673.978,492644659.4,54614464.83,16773939.36,137724307.4,,47.43227605
140,100328269,50064115.36,75975628.96,48140284.42,85977401.76,22350201.76,147813073.5,54576633.76,221397734.7,79003654.56,201219899,366079342.2,94610638.24,282447013.9,153373363.4,66513811.36,67312179.36,2184964141,36602500,162195507.4,41819502.24,42068196,35421542.56,43080844.96,76366625.44,11040999.84,314721792.2,29406759.84,37107590.56,191003456.2,,45.55160324
141,64326816.16,18958709.31,56990420.64,24431271.84,24029604,34947014.56,50768475.04,6112761.76,284807476.5,47505177.76,234004327.8,185445566.3,62542790.56,260977563,61821107.77,30342470.56,37449504.16,2384212647,18035310.24,219644256.2,109433357.9,20959548.99,42946527.29,2603963.142,47891936.16,87108622.24,154385595,30217448.76,56628635.04,194848097.4,,41.54918104
142,36293395.36,4107918.24,126436531.4,9752879.162,37264.4416,10084435.36,2996222.522,4053618.49,326987655.8,23974732.96,295991379.4,75207746.62,33914316.96,234371604.6,4331393.44,12585465.76,16279611.04,2420537665,6959888.186,121555035,172611248.2,8356724.64,23407792.19,9677076.64,23383027.36,187700960.2,52469740.96,98268362.04,87302860.96,70432377.76,,38.52374453
143,15520448.16,177274.6816,196459469,1594663.84,28624212.03,1841991.84,11758315.32,24788449.44,380889869,8412320.16,344304353.6,9892283.04,10089516.96,195004467.4,2017536.16,4660417.44,13078348.96,1957283777,904020.64,35193369.76,142821620.6,1146955.322,8241492.64,69239706.68,4408320.16,187240909,5421446.56,121816252,130608326.6,12090919.84,,33.61151702
144,1448652.96,2013447.482,169614157,308691.36,81050407.84,153.76,74187214.24,80762574.24,489354568.2,22425907.36,177454369.4,4146924.96,1191590.56,143242598.6,174.24,115872.16,64006400.16,1509086301,93147.04,1034695.84,107019852.6,1336890.938,3093377.44,116748889.4,405004.96,120095297.4,4726971.706,84585544.76,182606574.2,4147.36,,29.47821469
145,2083980.96,7646331.04,105834713.8,6349996.806,86063471.16,3934668.96,109503667.4,89242030.24,583183860.6,54057785.76,55252462.24,37978131.77,2555138.31,110982011,3687936.16,2741011.36,93834094.24,1101788526,4894713.76,1329870.24,72286724.67,8977454.138,22022.56,80371942.2,9487878.458,72859198.78,38375547.04,54083669.31,235057958.6,7352774.56,,26.05456985
146,12449606.56,21009388.96,58375712.16,13299150.24,55266734.91,15837216.16,86437927.84,56845568.16,663317964.6,58290171.04,2853396.64,48369243.04,14785563.04,86096129.44,13978625.44,13334182.56,61911718.56,794405499,22788020.74,8830406.56,41573609.02,22554900.64,6484560.39,50725163.07,1252071.482,46006375.84,46815153.47,28087456.06,303330989,22161497.76,,22.93802975
147,38391407.37,43291136.16,31859251.36,19617812.64,29885902.24,35707795.36,61836204.96,23935577.76,761481817.4,33830508.96,9761875.36,28612228.92,29712964.92,64365319.84,25842988.96,31696900,33450028.96,723416333,44745396.64,24677049.76,22041147.04,40385516.6,17497154.36,26571963.04,5886252.346,26771931.71,23763675.04,14644398.24,218308899.1,44299141.18,,21.73251129
148,70311579.04,73540915.36,13310822.56,39032505.76,18964283.04,63546406.56,26292281.76,8193791.75,568105318.2,19208935.84,24876153.76,16022407.84,53158097.72,38494579.36,50120736.16,45897915.04,10053972.64,873438916,68806361.4,48491724.96,9524383.546,59308481.44,36276047.16,16344231.84,5034458.938,12157774.24,10686622.52,4033670.56,99864046.24,76671738.94,,21.08074749
149,90196807.84,111386916,2487055.162,67956940.96,9602561.44,99538134.53,6152384.16,408065.44,348754131,6128595.36,5560164,4771603.36,83374430.52,16971104.16,82366515.36,65927904.16,1072798.778,1005980776,102717414.2,70512967.84,1251713.44,92321350.56,61871438.91,4947955.36,594132.64,2778755.642,2042155.322,1943.0464,21150433.08,110443284.6,,21.25181218
150,130060339.4,155225684.3,567310.24,93648199.84,1639424.16,140593191.8,234643.36,223918.24,182654143.8,67808.16,202644.0256,2523014.56,109771719.8,2167961.76,110443284.6,102325363.4,191143.84,1077756373,131817953.4,104358483.4,239943.2256,144155562,91263630.24,52166.56,1097465.76,313868.8576,171263.5456,3396501.562,22675120.19,146772255.8,,23.63349093
151,192527835.2,204460257.1,5564692.282,132148819.4,12814.24,165040270.2,900980.64,2990132.64,61798465.44,7567780.922,2301895.84,35669561.76,153373363.4,1505.44,138419931,148849760.2,5087731.36,1200456186,176879360.2,149123174.6,6037831.84,186130357.6,129346038.8,1452507.04,9008161.85,5350894.24,6092208.698,8542759.84,45282132.64,181203905.4,,28.8258224
152,244647137.4,244772283,17631265.08,160346503.8,1516838.56,201401510.6,8159020.96,8911419.04,20426784.16,20061082.68,9752879.162,58657217.44,209357748.6,3166976.16,55074209.44,219928900,117511.84,1282699899,142458547.4,186191483,16507643.96,239811240.5,184966528.1,6057505.44,22554900.64,11731995.04,7959169.44,18212409.76,69471558.2,216595975.8,,33.35552958
153,297457629.2,304977325,36503830.59,196212857.8,10998508.96,244146875,18827962.37,17987777.44,31087315.36,39929255.48,24630971.96,40995847.84,265624804,4391539.36,1990356.64,117830156.6,27285996.96,1339355048,48191364,214177371,29259444.64,294918798.2,238401011.3,18314976.16,36062427.04,10766273.44,8542759.84,40352985.76,93725633.44,273426067.4,,37.11229178
154,332951549.2,170921108.7,65549102.14,256115213,29172961.44,233857497.8,408065.44,888871.84,57329126.56,35068188.99,46280264.76,57389715.36,330556033.4,7950144.16,18014931.36,68920547.39,102795265.4,1475758323,4431867.04,258193478.6,52238201.76,360680870.6,249425166.2,40505587.36,62606073.76,3611520.16,64249843.36,2995668.64,113865972.6,176900640.2,,40.15003533
155,151949998.2,60883687.84,97006740.64,323985600.2,53412710.56,119674848.2,36397571.64,44713294.24,90903257.86,953044.5376,62138535.84,142286726.6,367090272.2,59827131.04,85532902.56,93029883.04,234714656.2,1587958741,10817784.12,350273683.4,86075346.18,417188795,108138369.1,81983608.07,109396538.1,47670739.36,167205588.6,20131374.24,131175790.2,79744900,,44.81396525
156,44510246.56,5001484.96,131216108.6,377649262.2,43501939.36,35231347.36,142878990.2,138758976.2,136241186.6,18239732.64,86795308.96,286733262.2,199186930.5,164547321.8,168345435,115717351.8,372968793.8,1743596941,53907313.47,214341312.2,127085038.2,494777741,27476886.59,127717121.4,150282100.3,155520852.6,314863731.4,91768736.16,176135366.6,9454395.04,,52.82317555
157,3084940.96,7175969.44,73980641.44,227683956.6,2533190.56,867878.56,297231392.2,257397101,182580629.8,93357335.87,73980641.44,475187681.4,78520865.44,276503686.6,146322893,158145715.4,420692916.6,1971679693,61133633.44,89468897.44,171427696.4,508935552.2,43764.64,166663968.8,198861891.4,292533133,421283835,191645261,233099609.8,6208070.56,,60.8490212
158,5384256.16,32998131.36,12308870.56,99928012.96,11644473.76,11131564.96,364947533,355051111.8,235691273,194848097.4,12308870.56,685296061,13550055.48,352192782.2,100232134.6,212331526.6,349405817.8,2152922880,38566087.23,8849435.04,178496012.9,279785838.2,22298795.07,221331079.8,261024090.9,352643329.4,367887744.2,257202047.8,301105785.8,32022017.44,,64.59656953
159,20193159.94,17010675.36,1979086.24,31850220.96,80618849.44,20578924.96,270813101,332303732.6,292587867,241772644.9,1979086.24,720535911.8,815047.84,306628116.6,62834158.24,126742564,275812377.8,2288015022,18001351.84,7184544.16,57256462.24,122580326.6,41316098.62,271782920.5,320739444.6,287655168.2,295303603.4,198239641.7,399984000.2,23810496.16,,61.28973221
160,7413639.84,7240404.64,43270084,5959.84,170469581,6453632.16,210066759.9,285082963.4,350100024.1,187858821.9,43407014.56,662074068.6,11765997.63,243472333,44499572.64,42357187.9,218720436.6,2474107392,9801908.64,38723239.84,4001600.16,37901260.96,24550043.04,340520590.2,380833663.8,241081518.2,227997920.2,149811724.9,483806419.4,5062500,,59.71665886
161,817939.36,2058651.04,100697211,14644398.24,182368819.4,296371.36,154823271.8,221664454.6,402291271.8,137799425.4,112060008.5,599015835,3037351.84,190031739,29320059.04,1817751.098,180751891.4,1985486657,3514875.04,24684998.56,5734300.73,5548851.36,13681121.44,402361876.3,354755718.2,185493504.2,169385019,109972974.2,536515303.8,119052.6016,,52.66853888
162,1101156.41,223161.76,122527188.6,8693062.56,130407264.2,1917449.478,117441436,166213977.8,454252494.2,112928878.2,120116339.3,509296569.8,5935.1616,169072807.8,12934092.96,15200641.44,131065862.6,1470047617,3180.96,8315148.96,45196039.84,607776.16,3535904.16,446848865.4,187004531,120393561.8,125359373,87886875.04,560685569.4,2234905.402,,44.09242175
163,10012414.78,9731904.16,94563955.36,745804.96,79100389.95,10431866.43,80894914.11,118731533,539186976.2,76031424.16,89999374.24,419545095.8,4915975.84,137987310.2,2284934.56,56884177.47,89347865.76,1099559072,3762048.16,1134651.04,72218723.39,7703955.36,13363.36,505512269,72504543.8,79228513.08,83021254.56,57099180.96,544811617.4,11141175.87,,37.45384942
,,,,,,,,,,,,,,,,,,,,,,,,,,,,,,,,
,,,,,,,,,,,,,,,,,,,,,,,,,,,,,,,,
,,,,,,,,,,,,,,,,,,,,,,,,,,,,,,,,
,,,,,,,,,,,,,,,,,,,,,,,,,,,,,,,,0.46994697